ID,Stars,Cluster,Distance
IvgKdlte_JNdd17XRxkOrg,4,2,2.932024893
YDCxBTJmF-lLCk1Qx8vDfg,3,2,2.070317797
T49ZvBa6mD4xHSmjHe-ArA,4,14,4.665133765
eOv0Dbq2E8sd0CKMAqTImw,4,2,2.782194946
_jsJFrAmFVPRio0eEVExbA,2.5,22,2.437316662
Lml0-yTNsMYsP9IrSMxw9A,2.5,2,3.37012692
QVZBd_eu0oJ4IN0md2XPTQ,5,9,2.699999279
udZJ8YgsHdqtFDQkyPTV1Q,3,17,2.022693891
ucKQlQvOeJxETLNkpKcaSw,3.5,2,1.986693455
KayYbHCt-RkbGcPdGOThNg,4,26,2.310730306
xUf11yTcoRagwNiJcY8GAA,1,22,3.894922325
ZL6DNzyenFm9Kpz6uADlNg,2.5,2,3.103347156
OcTG-KzDleuRub-pb6JS3Q,4,2,2.938186888
Y2p07YEC8xOsYTHWf0UxiA,3,14,3.347542697
g58NW9q4F09wTMiI7EIjmg,3.5,11,3.857241261
Pu5uzlZ05pqVlx6LcZbfgw,3,26,2.823090241
83_p9vIqOq1TUIf3_GD7bA,4.5,2,2.934125079
UtWJ8NGMg-3z28s0RzlUoQ,3,14,3.77654433
bZcqORBnVApUA2-SEn7VEQ,2,2,3.556569053
B9C6j80ob0f1pwi1Cnnd1Q,3,14,3.243325487
tvXTHj9V5sgRoeVJW_FiTg,3,2,3.508080925
2SwC8wqpZC4B9iFVTgYT9A,4,9,1.804653189
PzG0XmAmtXFs6Fdnubf41g,4,2,2.710333615
#NAME?,4.5,14,1.859012227
W7-Ybhe6JWJFXjcbmgvdyA,3,10,2.508376236
qUeBDN0D8SC93KeAHhiL-g,4.5,25,3.250072176
YXuvFMtygHPFEOEXgRtgLQ,2.5,15,3.16697876
LltDzuzRbAJbSrqD4JH-3A,3,15,1.909559879
VkqKyq09rDYMhFk5nElWWA,3,23,1.836304789
QIJa5h2d65Bgh82zct7c7A,4,14,1.512945961
PTkChuI3GPCw-ZL1Iph76A,3.5,14,3.687425217
BbIh5NTizhV4Fq_mLmNkpg,1.5,15,3.447173309
IxQ1ATP_Wg_QujO9nywzcQ,4,2,2.684531151
TyIsuojeKcTb4Acfg7xqew,4,15,1.740158622
oj8bMz76cKXQClpFTFNW9w,5,11,1.5478533
k1A8pNspBPinGDivxkuDSA,3.5,17,1.861725217
#NAME?,3.5,10,1.979803096
OjzR6hUYasFReo0vhVn0-w,4,5,8.81E-15
6AnorAMPkTdSDbUkOoV1Rw,3.5,2,1.648203911
rEKBr81s19Soh3dYj4bcGQ,3.5,23,4.366938425
q_BKmbdlYfQJroJVHfYMUQ,4,2,3.378894202
vMCCvnDU-Iz_D_pmbcMqzA,2.5,17,1.375779899
hUV4bjXE8Ijd-pDNr8S6mA,4.5,13,2.570834148
Z101WZaISochG6g7tI2ZVw,3,2,2.80452841
Eixtf79t1_ZKaC-7J2kAWg,3.5,2,2.914444525
Z0OGW8PysysRXE0dR7QxQQ,4,13,2.249509047
I9-Ei8_KYtMjbixNJSCvwA,3.5,15,1.930626398
URGZtJhOCrbJ8-RkLvslOg,3,17,1.936581962
yfuoL_w76WFVHcGJbw0IIg,3,15,2.566595111
YUZVBdGmagwXV-yOhR-1GQ,2.5,14,1.920974561
OIL-eZX8d10jgWPLW-E7zA,3,15,3.367344651
FtjvnLhh51ZBYEpKAARaFQ,3,17,1.58744383
rm1hBa1HPcLhUSwuincX2Q,3,14,4.4082631
Z7HNl4Gz00cA0_wt0S-vSw,4.5,11,6.403398859
#NAME?,4,11,1.34557695
rEpubmz577MOhpDmWPH1uw,3.5,14,1.257356384
PSlOtPIo28BvWOzdLmRRRQ,3,15,2.762705109
wan0X-oHpLgGTPXqaICZCw,3.5,11,1.049593015
QnyzlVMyx0Exri-Lay10cA,3.5,2,3.761475959
81sqVj0xHyJXGYT0ip5fmQ,2.5,2,4.055789651
m61vZsAxmTEq3uiCjFjM8Q,3.5,2,1.986693455
93UCt9OgWYmypZCpXtUu8g,3.5,14,3.251102491
ORTRrw3ClZ0Ld0LgY1H_5g,3.5,14,1.367228905
9aw0t0rlACKkMaxsX0KlKA,4,14,1.604721522
5Udv4CASAXB2eH66TefWPQ,4,2,1.944006375
2Igiyhi82R8_QaaPplRmCw,4.5,15,2.364613841
Cex2R008tMFg8R5fAtf77w,3.5,2,2.668019268
n7G2XFGvmS3duDJ4AzjKiQ,2.5,14,1.866983323
8tBfgYCI6Fz9xrSYCYCYXA,3,14,1.741767252
Tb7hQ37UFA2QFaMwjFieQw,2.5,18,2.351766809
qemCNgjeYGcFsRwxW9x4xw,3.5,2,3.838731669
iudRNo5Q8W7firUBYJEqQQ,2.5,15,3.520911291
dpRsK3JyaD3GKorVWzQUmA,3,26,2.320879791
aIzx9R8MN9VgSSJt1jy5TA,4.5,2,2.272784176
vWnwaD-kykqiEc2Q0hbYsw,1.5,2,4.164659195
2X5G4Ujq0s4Wfn4TC7gX0g,4.5,2,2.868126093
XQ7elqSFIRogvqpiTZz-Wg,3,2,2.099055254
JL5B_s1EoN4zIru4JSw4Qg,3.5,2,1.986693455
IafkUjO5CiXAu9LfB4_Sgg,5,11,1.661244939
OS1fGOcx_Erie5gujWIFNQ,3.5,2,1.785091386
DzOPHyrG2XuVqKEvHCnN7w,4.5,11,3.073274769
nqRNOug4OMrYTTZg-qLxXA,4,2,3.074387191
K8Ebs8G1rwc3DBdznHvDxg,3,14,1.806016133
h3la53L9-OX_HlfeAySh0Q,2.5,2,2.535283974
pvGT62T6Ci1LKOS9DL42pg,4,2,1.935062926
l-OmDgEd4QkZpyXVpkp2yA,3,2,3.463721008
Bza-l75OiKcMRmTYILpyfQ,3,13,1.331813745
#NAME?,2.5,15,2.305620736
AH1PrZQDIdjpKgy1z8XxUg,3.5,11,1.24955888
wqu7ILomIOPSduRwoWp4AQ,4,2,2.047617859
1vQLTKwmcmZXtNzfKEvMmA,3.5,14,3.027127751
hhNlQWaKqGbMPoeZHoL-IQ,3.5,26,1.979027091
SgQYRICpMdWCmY7wM2Cmcw,2.5,14,1.920974561
uwiD9jxs09xxXG0by_xKuA,3,17,1.306364205
mrbfnIXD5U4pMxuZgKedOw,3,2,2.919623081
sNmQJQWEVGheCnw5Tf4Phg,4,2,2.71824287
jrSGpWnVJy8jqgN6XSC7Nw,4,25,2.454514579
KZXtzoI84iI1CEcAnD7OPA,3.5,14,4.313189442
zpNGtjBlIkDq_PLGSCPlAg,3.5,14,3.807826229
ZS7-I04iDm4oRP_GJsJqrA,4,26,4.10938929
PFAOxw4Gl8gm7PGWvohCWg,3.5,17,1.861725217
z4cCguoHdU48pj6sXMIzqg,2.5,18,5.453163283
sbTF0cLKZH6_BP8BLARVDg,2.5,7,2.23884829
OxIeMVcop5oxBUWANi-1Rw,3.5,7,1.525506285
imzKM9-mgN1Yk_RIXx3IgA,3.5,15,1.577351886
IEHaU93HpEbdUO4z4bKzDw,3.5,13,1.694105182
NeUf9FyCCIN4MEseNyqkXQ,3.5,2,2.03935528
JcP-IIrZkW_Yyv4a0yLRCw,3,18,0.641737546
4LcFKTr6Ah87VcxW2z5e6w,1.5,22,2.121836996
buVALudg30kgkDusqB3yJw,4.5,15,2.364613841
wHi8ODv7TGmeUB02XoX-mA,2.5,2,2.535283974
WXpi9z1bqF9raZSW8z70Ow,3.5,2,1.867736424
j7kgLc4Uys_sb-H7_Velcg,3,2,3.057007839
DhDNNHZtaBxYNSqJz64ixg,4.5,2,3.147305105
PxP19Rb88OQKiSMl2oWNsg,3,2,2.80452841
9mwShpTgZofOujt4JfyGmw,2.5,14,2.840177355
90Fqfzd8zD9AuuNBSv9lAg,4,12,2.836422914
KEzIorUdFjqCuxbRxKPghA,4,2,2.047617859
OT3yVpDrDVITDCIYox8d9A,3.5,15,2.411785514
8AskFIgGxqNb8RbcDCAfmA,4,11,0.961895523
A2XkbJ07hrR80t0EFgLikQ,3.5,2,2.03935528
L5387MoRyx9orlRyYfCSPA,4,15,2.143075427
dHDi4wCcjsOR6vcZ8oOIoA,3,2,3.463721008
41CXLCeB8z2oNdIOvnrzIA,2.5,14,2.080723426
l2gPB9mqiHSbpwSUa7zrjg,2,7,2.41143054
gfpl_GyyY5uj6zJnIdzImQ,3.5,20,0.67073594
0FgwBx7pgmNdUtsd_T8UYQ,4,3,2.05E-14
SzHTdZR3yY1WBYUxkVxmUQ,3,2,4.113044649
xgcZN3F2f9LxLASQK_xzhw,4,14,3.516109748
_aGVicux2dJm9sqzLSCJtg,3.5,18,1.187620116
uUorjstNslr3gkIsVGtQAg,3.5,2,1.943200264
GSiHJG8LqTn5ZQAY1r9q9w,1.5,23,4.929917079
0Lsd35rHY6UtPFHjjxJ1LA,2.5,17,2.609384448
1E53rS8afK2jiLod8Jwy7A,2.5,15,2.713415504
j0uzPYXgu-hmkvuGnj-B1w,3.5,2,1.867736424
XmdTkxKyJd7TuDLoiic1kg,3.5,2,3.201385243
HDTv_rnmSL8AQ04_zTWARA,2.5,17,1.83373445
nBl_NeArpL08MpoghDiA_A,4,2,2.865977544
J011r7mUV1QhgLJ7GkrtMw,4,2,2.932024893
#NAME?,3,8,1.279666353
SvoJ3Y3uqDfB4iGUaWXh8Q,3,15,2.6692553
6xEl2PDJulIp1PfWqa7-aA,3.5,2,2.595261859
GQloL8yRHymE0SGZq-B0zQ,3,17,1.162284255
Lm_mR5xDF91OeZw97ch41g,2.5,17,1.740063306
aj4XHn7jZ48euP4g8ape-Q,3.5,18,1.187620116
KnlNwiIELDWAR686Bk2WJg,3.5,2,2.914444525
XzaJf6WzpU7RsXTXzx72Xg,4,14,2.500059728
PTS4MxQel-xzj5qWxVn3LQ,3.5,2,2.892954974
bDK_jzy3Shx7jfn8_plNoA,4,15,2.143075427
PhIGoo9g6GBrqgH_6yZXXQ,4,2,2.865977544
uBW3PIKqc-_eyG1_vdJn1w,4,11,0.961895523
DsxLIr-b6WlDn9YNsVBu_A,4.5,15,2.192601522
FD6OocZdFUfE2J5H0WN4fA,3.5,11,3.111547271
LN3OCT1xOedbf65xKzFSNw,4,2,3.907865193
tQpYnf3P3Q_OQLYYJvlV-A,3.5,2,2.03935528
KH6stvNdq_aV0HvKw8P5yA,3.5,2,1.950787072
34TBKRXYq1JHe4kYlHW2Eg,4,13,0.450711685
nUISXnW2Jo9ovnoFBIUY_Q,2.5,2,3.795197491
dxCqGkhtXq-9fYEsX7Mf6Q,4,11,3.007585746
#NAME?,3.5,11,4.736865777
YTqSkgOiiI9HG3hNH7ovfg,3.5,26,1.979027091
vgXE1I7c9ElcfYyZfQiN1Q,4,15,3.057436821
#NAME?,3,2,2.790545592
3zgswf_NfBJpeAoWeTkgMA,4,2,2.638743188
uOwuJJhGaiAzuaDY7-o14g,3.5,2,2.668019268
7XXmky6YYjsvKFwho_eavg,3.5,2,2.594123778
o_wRqOpli9kyZGXlJtLLdA,4,13,0.450711685
5MChfa-jZfMo3vBpolkSbw,3.5,2,3.761475959
sxeuOMBRllOHXJTaUlI9kQ,4,2,4.064759776
ptmsW2SSeFD2I6vspJs0lQ,3,26,2.151918969
r8jeeS3k_diihMDSu9IjlA,4,2,3.563003818
cH8I7JgPXcrcutT1a3YrjQ,4.5,2,2.175945169
dQjaHoo89bLymdMm4S5_1g,4,2,2.684531151
T4D7wX6GuCYChwRmser-0A,4,11,1.286244189
hbFCv2Rginf9zjai-lKUNg,4,2,4.582645554
vs3UrHaSnzFOxmFU2UAfxQ,2.5,23,3.260192633
6-rJjW6ITl5o_FliiNgZRA,4,2,2.684531151
mPlWLIA4pkHMRtlQDm6UyQ,4,2,2.684531151
sa3xqElJEv97MazozLeszw,4,11,3.389756827
MkrQV_nyxyC1F5ut5KxDMQ,3.5,2,2.672649675
jJfTh2O3M2Q716akd9Dr9w,3.5,2,1.943200264
Ts4xsKPU7FNPPZRj-nRjIg,3,2,2.965512516
lHP5STO7aomlEQixH8m1aA,4,15,2.613035833
l_Wey2YC6NvVUIH8vTygGg,4,11,3.11246168
9SPwF-vRgtuHxciFxv5YLA,4,9,1.804653189
Cy9XgM3ZG2jZ1ganvolb6Q,4,9,2.475943118
rgmptwPbBH1wLpiBHcbIhA,3.5,2,2.594123778
i_nkxbd7feg44QkdbG05UA,3,2,4.823397644
vSZDiKiF8vf9zt_BcDL7GQ,3.5,23,2.431424821
DkX3YoxhH4uADsgVgQThew,3,2,2.815376618
sQWSHCIH_HUT4HUXaxDaBA,3,2,2.815376618
rUQfZOengMpXFkLvJrNJ3g,4.5,26,4.549625016
Oq5MyNxNi-xuXdPOWR9O_g,3,2,3.648787497
xgK6AAhJ-cYBUCSaLzgTuw,3.5,15,3.962321166
Z-BI5HJmC2HcpiVuXwVM3A,4,15,3.199138726
kxZIebwbpe_ddry6EKMdCg,4,15,2.625245477
TxKmAsKQjND5vbhBdUSyIA,4,11,0.961895523
cmGR1HS9ms233roSllcglw,4,13,2.383196778
mXHBxHrAJPnPWnm_OKuZTQ,2.5,14,2.132428899
Q9BXMPu2HnRDMq9X_2rHrQ,3,4,3.064523123
jeS38QWMVkA6S-4lMi1Frg,3,2,4.113044649
UjJMQguryo1jypomvOCZgg,3.5,26,3.017878714
cESul2ojJOjadz-7BKB5eg,4,14,2.500059728
cwyq1QIa4fNISUap4PCs_A,3.5,15,2.49727427
MFtTSa1OTC0rFxBxpXzKfg,3.5,15,2.214054576
q5g_zeAdwsZQp0p9GPnTJw,4.5,26,3.024747686
lI-LWQETbT8RivEHt-7jJg,4.5,11,1.444238748
jVVyiaDle64frINmX2hgqw,2.5,13,3.747102277
7QBJDNVH6VPAStSvOM_lZA,4,14,4.458088202
Ln34kwDUNZPLhVhUqauLWQ,3,25,3.46844162
hxWwXE1mqNuSghYBr5bLWg,4,15,1.713306234
WrP8KeKTlWcjqQPj2DJKGQ,4,17,2.335366913
dwz55gqPZwSBD74yFFb27g,3.5,26,2.748519118
ufyh6h4GsR-RYY2lC_Iz7w,2.5,15,2.331509392
Z6q8yxApM9wdnddzjcSUgQ,2.5,18,2.676101791
tpnEAM1bfOpz79Lvf6SmvA,4,2,3.563003818
mTVwpWwSPojpbShANWKfig,4.5,2,2.239670563
Oi8IOoJOEX9JZYK65fUrrA,3.5,2,3.212697552
RC0j-hO6kaYO067845BSzg,2.5,2,4.396506659
lVq2xqwCnccZ3oI5CdAD5Q,3.5,2,2.03935528
T4_LFnGNke1yk3k2MJjiqA,4.5,14,3.804455437
kE8_tdip6tvt2jXp-KdwBw,3.5,2,2.819635852
6fpd8iXiUypI7eVx-hJhMA,4,11,0.961895523
QHI_sBKISzQsDMp2cXBXjQ,3.5,2,3.530922643
7eL9P3f3P2AmVceWnSVfiw,4.5,2,3.178680718
sF8rL9XOz4v48YdTucaBGQ,4.5,2,2.868126093
5K6TGz2q_3w2jGnuAjdi_Q,3.5,2,2.668019268
Qa2nW-WGvu6P7eccNSj2Nw,3,11,1.804336869
xvGD0kqem6jJnbMs8_W4Uw,4,2,3.399430368
5IbZ0LjSydLAfB9NOyYOIQ,3,2,2.141038522
rellBaGc6G4mgcqSACGL5w,3,25,2.233402308
rRLLhMPgBXrtTDvOeWHZuQ,4,2,1.861680911
hIA5NB8hGOoe3hUUHqg5xA,3.5,11,1.140465602
T4A-I02jrqPZtW2icgHJPg,3,2,3.544397337
5eCbn-WUr2YIQODHfVP7Sw,3.5,17,1.78246619
247GgHoZztRikNUeKjkEmQ,3.5,1,3.242177414
Bkvi-6YPbeaEYS6sNSZZ0w,2.5,14,4.6543081
HlZkklWH0SygopMt_48IIQ,4,13,1.534116884
ufIN_oA285Zivd-4szJKxQ,4.5,13,1.046670867
qM1kLyu2xAiFZdgnbTyHjA,4,2,2.710333615
CNUmBfQsHs25VnPUqvvM8Q,4.5,24,1.472684098
Rno_Ql5EgidmyZGfTxNcTQ,2.5,15,2.544488595
BrPTaXUVu-VH-PDFFTrmCQ,3.5,6,1.090674532
Nqw610-DAmucQvlHZvrMkg,4.5,11,0.919782689
ehmtix6CHtneuYXzbrSwYw,4,14,1.512945961
VLXFrRkD7g2eLjloFQcKfg,4,2,2.094409571
7GDXpAS4LUSFmzmmm3EtuQ,2,14,2.627481949
XdDSKZ_1I2qP8QHrrwmz5Q,3,15,3.523696456
m_nunIk_4iHZM39N6ejsyg,2.5,17,1.83373445
59jTyOmW7rRBRfVG7Uftnw,3.5,2,2.721451364
qUJbCo-xJ9A4nE6nXMOwIg,4,17,2.235943589
p_wNn2SZ8iFtpVbetmUA_w,4,2,2.710333615
3KCL_Bu8mOk-h7Bp-IXL8Q,4.5,13,3.59234361
JQ3kJQNnX8XNbdvcbjiiKQ,3.5,14,4.346489729
6Ro5tqafcr2MZori8DIYnw,3,26,2.400773525
uPl2nKYL0uNqBqqeF2Rx7Q,1.5,22,2.820453639
gOQT85vsrCc_bIKaG4fGYg,3.5,26,2.234361192
qnObfZkpvnsZv1l8zScrdA,3.5,2,2.842605984
C2BferG4f-WQJQuTvyRzlA,3.5,26,1.979027091
ZyqqJDBt9H5CibVtZ9diFA,3.5,15,2.214054576
qMcgzoz_dFD8XHPNUjeK0Q,4,14,2.493767965
vTnvE0fsPP4r1Eni7gufrQ,2.5,14,2.000395623
L7d7iEiubIHC9RQHFNEMog,4,2,1.944006375
C6sCJIY6TFOdfTU_aazGhw,4,15,1.713306234
TEKCIR7IZWOdQ2ULc3Xyfg,4,2,4.064759776
dVf7896SPwE8jEenEhI6Pg,4,14,2.550930902
1HejWsAvJ7pg3n6hUCObmA,4,26,3.08253613
DhwPdZ-67IgFc_XcVS30BA,4,11,3.142888391
wMzo5ooEfJBZ6NtpIAfCZg,4,11,3.241494357
rM2u39FtdD7WZPaTgmRS9Q,4,17,2.235943589
cFpc6oLcO08mWJHCRE6S-A,4,2,1.935062926
g5U8omEQje5lRx4EherR0w,4,11,2.965015927
fnKjsT1rQKS9x0Zw35TwAw,3,9,4.345023928
lr4Zti9WOHXWHu8Yp3zZkg,4,2,2.857090664
wgSCc7Ut2C4OkmvoeSLIrQ,3.5,2,2.644375053
ey2TkiJL-5lIwEeFD7ZhhQ,3.5,2,2.890266013
AwQwf4mbaJfE4F5Tk2KQRg,3.5,2,2.594123778
_WaHLgLzALd2iThQAhC-sQ,3.5,26,2.043571373
gHBf6Ve-jxMBZQE3Z1mviQ,4,1,3.090447566
9oImwXLAn-DFppBrfbmkLg,4,12,1.347254748
AcjaEcJkm0Fnld-obqFtqQ,2.5,25,2.657970097
63M2e_wSmQ8GbLDUau5K6Q,3.5,14,2.408150341
mGNJlqLu2wQRyKnh7yEViw,2,17,2.838166382
fvhWfSPlx5J_3F-ScLpvXQ,3.5,7,4.03096998
drJpzE3cxE0MQUq7gkzRvg,4,2,2.047617859
CiG5CvHxYQl5DZ704a4viA,3.5,2,2.713313233
q95WN1MTI-PFM_NVEfHhyA,3,2,2.790545592
rroEVCHOX6sjZaAYTk6pSw,4.5,15,2.364613841
lv2DSTFBOxefUNLbiWexow,3.5,2,3.365790448
U35V81BeSi8NUHA2zxp71w,3,2,2.228674191
8bzvvfrE0r71ZrxOxAgpaw,3.5,2,4.083825809
Dq6g0ubf267tWRU4BSk44A,2.5,2,3.31976295
Zww-ckcRf0fvu_yKGFZvPw,3,2,3.643546816
BxjO2aY6l4uOVN9EiEVptQ,3.5,2,2.914444525
6eU9yPTTbf8PS8fMc4nmCg,3.5,2,2.641803552
c4AWh6H_hI6FkiWAmdrQvQ,3.5,2,3.761475959
yAC6PHPOOqlEvrzyVjItkw,2.5,15,2.060459051
3WgM6mvYrPDxGJ5fADSkUw,3.5,2,1.943200264
B-DLw09xS5mgAC0lvlGUxw,3.5,2,1.986693455
drhpbx_wR08pvCUmyqPhkA,2.5,15,3.67891926
0H8Xo8XtA6GkSI2hAF0LKw,4,2,3.832318814
cll90LXLWNpljIDQB8BeKA,3,2,3.648787497
ojlQtj_2W24-IZGqkBVsmg,2,14,3.186289884
6sJSxhTfN5YLFXKicXRljw,3.5,15,2.294111336
w3Ad4ue8SMtbVi7hnIS2MQ,3.5,14,3.807826229
9Cx8HT4LLis_2OvcFZpEmw,5,15,2.680582287
DOpzRvtCjJCZuCUmrrA3nA,3.5,2,3.522253921
nyS42UJ54_YUKxBB83dfDQ,3,23,3.925317243
PxN0tiGWY-ApyP9N0TgRmA,3,15,2.360742804
vtODRhBYQfr614DwMesBKg,4,2,2.956311029
Q2iZ7kT5SpiRir7iommz1g,3,4,1.565350665
RVAtmwbwbjLYEDDtvf1PYg,3,2,4.298948309
PQdMkFgdSyF-2jK8WhQu-g,3,2,2.195361262
n_vYHn44QfjFkTW7gS5LaQ,4,2,2.71824287
o6EK8ULSL5j7mXg5XnmVtg,3,23,3.540375123
LCybuUjDVdYQAdfeM6dISw,2.5,2,3.163356581
Xu5azmrPOMCgNC-fd9eA,3.5,15,2.912467325
vuXWx7PoWLw4FKBR_pzEOQ,4,13,1.534116884
aUb1ulqB4B1y6kQuqRV3cg,3,2,4.029241896
lB4l0M9jSXWIz_VYjbzlJg,4.5,11,1.648665239
jczJ4bsO8_VwbFjXkN396Q,3,15,2.147170669
R8AgqxryV5iLk45lvIPozQ,3,2,2.228674191
BFG2ed8LgIo5TNsrwgxu8g,3,17,2.022693891
QTxEdBIM9VXcyBnK3ucKUg,2.5,15,2.87068331
FZBF8EptLV5WT60g-JIw_Q,3,2,3.375899937
7TRfGMRjNEduIu7NT-B8Tg,4.5,2,2.91156742
s413DgLtzhUSfs0t5USPFg,2.5,14,1.961724859
HE_rlRkdfWU4lIqHyEj2WA,4,2,2.550435203
lkEGzvHiURrlzB9ZsJNi5w,4.5,26,2.608735626
Ca-003BAqWW-IEsFvjlY9g,4,2,2.865977544
KLkT6MEf33cidi1so_TVsg,4.5,2,2.376916726
q_2HooHFCE9wAwmXQPkuyg,4,2,2.000901986
C2Q4Eogai7W4grmvXZFmBw,2,15,3.700364859
khmDwXbcUxeU2ymjju_Jrw,2,4,3.980681923
KT8KJ4zt-IPqpLzACdpEZg,1.5,17,3.092929327
J4SEWnsJVvU9SWgkIvnldA,3.5,2,2.892954974
rPwuIBv_mz1O_yI5R-VJ7Q,4,2,3.378894202
62EQGCWUVIRixQD_q72V0Q,3.5,15,3.2737822
Z94doPdgyDOgjtYUVRBNjQ,4,15,3.370323645
7JYif-4RQOMWrUkoemuytA,3,2,3.707352253
cKQn19-p4FtLIR4IaP6xuw,3,2,3.463721008
yDBfRK6lg23-4yKjwU0hHQ,4,2,1.935062926
QGWyhvvLjaT1Szw-segoOg,3,2,2.228674191
jpD9ONjJfx5ishYOx9vU0Q,4,11,0.988552378
1vK7gWQ_b5ehAyOidOsYtg,4,11,1.43987133
TYyW_pl7hgfUEMwxVwc4OQ,4,15,2.625245477
8q8GMsDPYp4JVdx6k-FeTA,3.5,2,4.554625242
EYjc27Vce4tX8IZzhWZUDw,3,15,1.77738794
gu9qDUz44-8H1vdq_MQymQ,4,2,2.000901986
pvmC7EaaSgA3aq-MAmPp3A,4,11,3.204734541
52CzJDb4EakSjEQOUys77Q,3.5,11,1.24955888
X_X5RHM5cJeO6n-84GMFHQ,3,17,1.689597478
1Kuuu75LVwr5-1OQ3Zv71w,3.5,2,2.03935528
UrQzDR-nEo5B-EGkSZuE9Q,2.5,2,3.347839221
atG_rkb3fONGcw4fupbY9g,3.5,2,3.909932322
0IKwgLg_UApkFzMCAaJ1Lw,4,11,0.961895523
PLPeY0cYisJXXUFyEfRzlg,3,17,1.58744383
ev4X3Tw8pqzOObv5nuIxWQ,3,2,2.892799803
EmHlwDc9RsK597NbJtyEmg,3.5,2,3.397021552
ad9b1c6iD2CrQFPX6HCvGQ,3.5,10,4.978194926
qCg90xkk0VgdNF6IirZEPA,3,2,4.521615727
#NAME?,3.5,14,3.757857584
0MmjeVacAd-Moe8CesiB_Q,4,7,1.297457907
vtcEXiQukuSzOMxyVxlh-Q,3.5,5,1.531059166
rDgiBah58fc6AfVD58m2mw,3,17,0.680893833
#NAME?,3,2,3.643546816
5Qa1bKl5BeXOC_6kZV7nBw,3,2,3.544397337
kiVnUirURYI91t9YY3nddQ,4,2,2.885514996
mbSIq0yerQhEUEFBB4pVGQ,3.5,20,1.047508674
sFWqH-VIfH3cKTKJ__qKQA,3,7,3.680958743
mnR9KualdR4VpDwd1oFa_A,3.5,13,2.432101099
aACX0qwz9gCm3ieEaQhyXg,3,23,3.479435432
aQExh8vKqh6PJoUZAzDSpg,3,13,2.150380767
tYi1AaABtF3jX1mUIMuYcQ,2.5,8,2.007076344
sh-VN4LKQ1IuJCe-_FJhuA,5,2,4.383641932
1u_8Lk1_0UsTmjW6b12bpw,3.5,7,1.525506285
dnN_tOhXC10km8Vuv1Ac0A,2.5,20,1.590206061
2Yv6Tgb5mpoEo3_EIpKs3g,3,7,3.945629183
YssP-_6iP0SLBsqUQGs6rQ,4,7,1.779889429
kiXE579k_sP6XCj_XUJc4g,3.5,7,1.994571448
NhA_Fg-0ywtg8ut2RjUo0w,2.5,18,2.351766809
tygo8BbCFwGFxIitgTp_zQ,4,7,2.141533922
4eRlRYQ4iBedD7Ymiuah7Q,2.5,7,2.053841622
2vp3ZAysnItVdkv_eX_ZvQ,4.5,11,0.958939742
l69zskvo5X2V9lxnINgXww,3,18,0.693155772
#NAME?,4,11,3.089206629
FnaWgExFsjWeekotG-_66g,2,17,2.54367337
FspJK0PqUm_0h6ionkT0Dg,3.5,14,1.257356384
Tq7ZVUvqRP7YPLwVfdKwTg,4,26,2.234651906
IS9ZqBV6R0olC_OYv-vGjQ,4,11,1.34557695
fHfKprgE_HqMcwxuZzBqLA,3.5,2,2.668019268
-23t2qOQWj8Kqp-Ijm1BQA,3,17,1.58744383
rQCQsKxkqfVTYU9wgzhVSQ,4.5,14,4.213356012
PvClFu-OG4-3mG1n6CjgPQ,4.5,13,1.887873097
44zt-uJPM4BGs46DaNO98Q,2.5,8,0.946144862
jzlTPQz28NGYsmAOlfIeDA,4.5,11,1.194408771
ppv7AJFnTxNGhlktLaCLiw,3,8,0.390313001
UmX2QDgm02TsWO1-d8elTQ,2,2,4.437732614
QXXkjR4cvN6zVuaUA-vL5w,3.5,17,1.78246619
FNvZnTpvLOcRKzNIQ6EqDg,3,17,2.022693891
-8wQB4T-cukbHZGO6etPMA,4,15,2.31288066
Alk2AVNg3wTrI4L1d-krZw,3.5,15,3.904968002
utIjhLQ4aowlreRuchFpBA,4.5,11,3.249920378
_0UC6YiwhkgLOJWxMmMQQQ,4,11,0.643893429
72EpENhhSayWYsF3XqEJ3w,4,2,2.047617859
LZghZl5RVTeR4p77UpXipg,1,22,3.292449113
raSItW2WYBeZyI_TT97A8g,4.5,2,3.077536876
mKEUpLDkL_SZvjI5Hc9gpw,4,14,2.493767965
PpPYKumy4syUJrxFpH1b5Q,4,14,1.416345863
qMWWQpMiMcV8jz_57cBB0w,4,2,2.000901986
qV5kmptGcVjqwSzbbjWxKA,4,5,1.10E-14
uC8nWYLTBtIc9p6JrcvgkQ,3.5,1,0.857970032
#NAME?,4,2,2.000901986
NS5m7kg9phWfjP27qmxgYA,2.5,2,4.605317556
cQk8pgpxC-9MzFJS7Zo45w,3.5,2,2.03935528
d6eqlH4tKE2VmiTPN6TOEw,3,17,1.58744383
jR7rDinCcHNZxl4jA0iKJQ,3.5,2,1.943200264
#NAME?,3.5,2,1.943200264
YeiH-kbGrwmIJlauSP_-dA,3.5,7,1.994571448
ezi5Nz0gT5lk0nW1KTiYnw,3,9,2.308240346
UrS9awRtye1YFlW5V1bWzw,4.5,2,2.294948895
FTpcA7yGp-qo2UxuqW0UDg,4.5,15,3.520011861
y_jsnI8NUThDecWmgL_soA,4,2,2.710333615
jZaHqpXJNey8QV_G0S3Fgw,2,7,2.724513231
Lmu8vPd4dZ6vmuK0Z8I--w,3.5,14,3.027127751
JuaQPvvWdbJ1B1Tn0jIt1w,3.5,2,2.595261859
8zdeaK3PWDsr5Kq4UOuNSw,4,15,3.057436821
OhjPgyBZudumBTF52HKMGg,3.5,4,0.268500373
GM4-aWjgQjxN8sOwff7Ufw,3.5,1,1.211053016
d3ni6cKglu4L3JeveOqQDQ,3.5,2,2.641803552
NMLtK_ZDHTD_UQ33-A-N0A,3.5,2,2.668019268
s5ZdjjFX3CS2uS6_oVH7CQ,3.5,2,1.943200264
J1tgaxF7G3-j5XDB8ePKSg,3,2,3.508080925
RhOTBt7ISr2rhXisSMLTSw,4,2,2.000901986
rOnzM0LHB-tR9Xb9IDoF5g,3.5,17,2.640422558
1Kcg-u0tDxHdyHIyEkMMqA,3,2,4.029241896
m_9QMfvVYFKsxPjlkCvZqA,3.5,11,1.24955888
kKiluPSzCnCOkYKknWzNzQ,3.5,14,1.367228905
NfheNBs_UbGN1r25Ehdl_Q,3.5,2,2.668019268
04ogq23JnzauhezrWEXG_g,4,14,1.301766576
SQHO1U7XsmuEAKX1j7yIMA,2.5,17,1.915273169
YPoHtUq85TmNrBpqj_zmuA,3.5,2,3.345047763
m7cT_avH6bvwUz4f1VgZUA,4,2,2.000901986
RiI-mJXjbP2RZUMQgh_yvw,4,2,2.094409571
1PB9xsunCoSccTmAvjMlhA,4,13,1.534116884
ZWPVBkb2CAQkQIn2OXTzeQ,3.5,18,2.481391599
puOMffiHnNgTCXM9XPd6Dg,4,15,2.210191735
UyukMaDB26gg2wY5olV6UQ,3,2,3.278185711
xgSPC01GJlxgj_PILhaCjQ,4.5,13,3.600692773
J6GhOOZKLMiOCmjvl1BDaw,2.5,20,1.685485115
uxWyJozmg36_EddkdceiSw,4,19,1.397500107
sTdSgE0MpNP-ihaSYs4IHw,2.5,17,2.451849365
QSU6gLacz4519FAqCvLBsw,3,7,2.686709325
J2x_AMx591i6TK3xccEzqQ,4,15,3.057436821
vvPzcOhbQn5fLQUAIxcP6A,4,11,2.922230528
evBLcF71f_zB5LOTKzFdsw,2.5,19,2.111289871
cjD2yGRhT5yaSj_KP55Ptw,4,2,2.684531151
w7VSMULJ9GtRi3CBRxoJtg,4,14,1.41443829
Q4ULAiIE2qCA4RYplCTrUQ,3.5,11,1.24955888
5kD6dP9etfUqtyXUZu9ZyQ,3.5,13,1.600886646
PSDVu_477MZ1ZvbEl5z3Ng,4,2,2.094409571
rXb8s7TOx2-uWxzACEXcpg,3,2,2.790545592
0ayh3LxJwSbJEOlBCx9APA,4,2,3.236734306
C4GHQTB-G0R2Geov298GLw,4,1,0.971201633
V8jMEIQ7oGK-vKyg0FiTCA,3.5,2,3.365790448
pMm91uJMxfq6CFON9LqLRg,4,2,2.684531151
uUj-mziX-qv0e1k0jkpI7g,3,2,3.508080925
QnnssZJOLZquRp0hqeK1dA,3,2,3.508080925
Pv1TEbc0Cqn18kG65Sa2dA,3,2,4.011930888
MBF24fcO2fg3iG3Gg3uILw,3,17,0.519530488
DQf154I5lrbJ_d_pSkiGJg,3.5,2,1.943200264
OoJo0Btu2GM3KtIXSI3rXA,3.5,17,2.100577475
zAj__MuO6EAZ5_HzXjyDrA,3.5,2,3.522020609
NjPSo2gRUNEsBfHYuoda9Q,4,14,2.493767965
hbpQ-nRweTmwWYxcWuBFHA,3.5,2,2.668019268
fIgdMuoK7msC_68arzVV8w,5,20,2.555173129
cTrEkyZXz4gBDOdN8vsRlQ,4,2,2.000901986
nvXm5PONfiVm-X8eI1kvJg,3,17,0.452999455
waeCYkwULm9GKhFFkO3WdA,4,2,2.684531151
irN5_DMRaH7hRczpaMMd8g,4.5,15,2.45120422
jUHNFVY1_WTp08OOwSpm1A,3.5,17,1.78246619
5japW20yvS1tomuvliRbcA,3,7,1.659794363
wUALXOAurB8LfKZPhLfjZg,4.5,9,4.094602613
cs9iu_1abcCXOuelaO-Gfg,3,2,2.746525589
3Iv8lruEzrPVw8RR6I8ybg,3,17,0.495423034
Ewum0uSpxz5XGlXHGmzqeQ,4,11,2.922230528
rawMwd19q66KSH7GYfV_Sg,2,2,3.621654516
YiJbDWMD7vv52p1mkTYM4w,3,17,2.394501521
Zg5JB5GBqhmxt9W7tFKN7w,3.5,2,1.943200264
1uPTCXmcAVujpLs1ieLUzg,4,2,3.378894202
GdBt4l0XBGWmSo9PfORemA,3.5,23,2.431424821
b54fyOfHMQjxQ2YTomykvw,3.5,2,1.648203911
hrN2jHYG5BYRrLUkav1uRQ,4,13,1.534116884
o7ZA6Oh_p1x7FZEE8vJIJw,4.5,2,3.736064491
ZF58mOM_ACiIhmwr8s_G1w,4,15,4.014253243
NczaqzFtDId9GmVTy2GWHg,3.5,26,1.979027091
dXPQDQLHzcExUDZV_dcAGA,4,14,1.416345863
JdHSfjXWD5aRZbfefo6Ccg,2,2,3.830343586
ifVVRWX3oEe2tPAcBLPrRw,4,2,2.684531151
xG5JrPrLB8bZkORn6aYZlg,3,4,1.766533165
MEgNULnEYQ40EDxkTpfHxw,4,2,2.71824287
CDuxCxTiuGXC6saLoywymQ,4.5,9,1.633599727
OsSzOLKcTbL00f2TQb12cQ,4,2,3.188426627
89sSMLp-yLqdYqOEPXvkjg,4,2,2.766936204
5TBOg9Rf47SECB8gTNGqeQ,3.5,17,1.979350624
uE13Va-lX7jqshs5NSzQvQ,4,19,1.177947445
sXHNpYEp4ZpK-6FdR3KsuQ,4,15,4.590880014
v6HiAVLwKiXZ9Yqvd4ubNg,3.5,26,1.979027091
1arFPq3HVIPnGkIVw6RAJw,3,17,1.763846181
4AUejLFrzodl8AowhJ82rw,4.5,13,1.675406848
WY9wOZ6-OXJ6-_0KNupjUg,3,10,2.919479021
2-T_D2lIL5Ub2G_U2crtrQ,4,2,3.378894202
_KvGddVMM3d2f7NEa_eOtA,3,2,2.228674191
#NAME?,4,15,2.982734649
kc5gJPisT5L5z8lLa9FV9A,4.5,2,3.42631444
QaUoEBGpvlswnE2-XkUyxA,3,2,2.815376618
SyRxdp5n7wUYgauZKGJmrg,4.5,2,2.175945169
ZcaR7xOJgzItSOJBGH-A_A,3.5,2,2.03935528
ruA8DUnrsRJ9H0hWhwQAqw,3,2,2.228674191
LzQ6FWDvXfqG0gJwNzrkow,3.5,2,2.641803552
tanI1kq7vk8zGiNjUCtw0Q,3.5,15,2.912467325
_ji6oh2RwfOOt0jMznT5wg,4,13,2.249509047
_mEG7lN5dmuEg4tnpUyALw,3,18,0.550864349
Cko88SO9YEsg8jZEXke81w,3,2,3.463721008
C2pNVdcFl2AdkU9Ual8Z0A,3,2,2.815376618
BOrQiUsbnYUM800ohW0Ofw,3.5,15,2.532531578
HSSjkJ3wKQ0AqTzVHDpHWQ,3.5,23,2.554429369
OGRdRr9rjsXGChCsK7vfXw,3,17,2.022693891
AuhN2byA2Cyn-uzWD-pJxw,4,2,2.094409571
A-7LUuRxyWAvX5IuUg6A7A,4,15,2.092207408
MXlBxRhuQeZ2hkGTsdplOg,4,2,2.094409571
CZuTec4z5_WAFUwalQRhqA,4,2,3.236734306
oxmInXzRiwDVq21pnY8VnQ,3.5,14,1.450165246
eDIsVGZ3eCly4SQMGBeaaw,3.5,20,3.593455091
aHerF5k5pkMDTdNSpIdTyw,4.5,9,1.942826092
iD-AJK10SuoTTAjAYC6H2A,4,2,3.281741643
sbAkrBIVXuQG1U8e2wyhqQ,3.5,15,3.47058424
fiq9z9dR9dBGjA6wGXFYoA,3.5,2,4.307819893
1JcoUEPkcGQtCEed-OdezQ,3.5,2,2.641803552
7HYRFdeKs3BJShmOOHPBoA,2.5,2,2.535283974
yh-poSAxa7x0_ET20A9lxQ,3.5,2,3.376034767
Jh-8r-RwvkRs80HP_q6DYA,3,17,1.825826984
Zj6vW0r6vs4XXJ8wKRCYKg,4.5,13,3.21263825
wvQC4HnaIpkIDs0mDrL0Pw,3.5,2,3.345047763
ouTDIL0eqSCSRxNk_Qt5_A,4,2,1.944006375
b1NrEJv3vApVbtpybxYuOg,3,2,3.022243574
7FhtgC9MKNfoeKaTFbWj5w,2,15,3.051087892
poMD_c9x8rKnKPKVL5QdLg,4.5,15,2.797603009
eZ9ryX8Ij8Ha4DGLteCK2g,3,2,3.508080925
woG0Ylj5C2NW3MyeumkcWg,3,2,3.463721008
v7e-GIGgEIFANhHsywlhrw,4,2,2.638743188
jwqiMg68np1Fego956yYIw,2.5,7,2.395076833
Q2VnjIfwLcmZHX-YKKsdng,2.5,2,3.54825597
7mvqKlv1ZGeWIC-3aV1GGA,2.5,18,1.339816186
cc4BvGK8eRu-fFE4GK3vSQ,4,14,2.493767965
nztzwmQUoE8nXSIqzfzGDA,3.5,2,3.152535942
1zKH87sjLpRr8XDKmk7j1g,3,2,2.790545592
jCad2RCY5BT0ZZhk9r1ivg,3.5,11,1.24955888
WTSOPGECPOmq-PUxNiHptQ,4,2,2.684531151
2K-XaFjaHUR8Dp6QAihITg,4,11,0.961895523
SIFryPN-tz4ogcT3iR1gBA,4,15,3.118793504
U3AUN4Azkm76qsEaWqOCEw,4,16,1.834698497
XtN9tcefxJtubhUSH_Xg3g,4,2,2.932024893
wZ4MkX8tboQBtXmoPOmRew,2.5,20,1.535035013
AJ_tIT3N1SLLmlphsc94BA,3.5,19,3.940578091
DGOlhi2qIxet3t96y3niXw,3,23,2.79421056
I9IDCNPrOvJYavtsH936cA,3.5,15,0.748988958
ttCWIiHpoiuZX96D2KbNaQ,3,13,2.21501553
14gY1iJ-KRnERxHj4ONasA,3.5,2,2.892954974
xLHoIzaExmTif3Bc5rgJFA,3.5,4,0.312793469
AD0FE_5dM7pWy5YdbMZaGQ,4,16,1.506755895
WX3qnzlSas7kYZ5-uI30Bw,3,15,3.235351392
LrDb1HZRiUSobVwmZKK8ww,2.5,2,3.54825597
hGmXzJuycc9ecFPPddfTEw,4,2,2.000901986
vGqquKUhtzw3hosrYfxf4A,3.5,2,2.892954974
MonRZXpZ1vbBtw-q9bfGug,4,14,1.512945961
YYce9ncwXBgOjU6ItboZ1Q,4.5,15,2.364613841
YOUrmCyxYlWFhc1Fph6s1w,3.5,17,5.221839225
f3QR23RAtllFUYaJZDHPAw,4,9,2.260675735
nLTV6CNMZaPeV62T5PF_LA,2.5,15,3.636366565
feQYxrwOTfUioQmiY_USew,3.5,2,4.036668248
CJjyZDvdB20MZXY6YgctAg,4,2,2.71824287
HwLrja1WJ8zDJ0ogQZv_xg,5,2,4.383641932
BAI4kpesOp539n1EBZxObg,3.5,10,3.869256612
VKtZk23K28Rp_9ku70zCrQ,4,11,1.183190656
tC04i64a3nKCcvrnDpbT3A,4,15,2.092207408
kK_70-dfBqtaNoFeghuzRg,3.5,10,1.979803096
H75yc2Vp7d8wuAe339DpOA,4,2,3.236734306
zUzEjxKEn8eNVksImZ2oGw,3.5,2,3.476272719
x2ZMAyneUiBD6Sml0Fv2Xw,4,2,2.684531151
CaGBTY6UWKY252OVgWRSKA,4,2,3.956558234
HAGfdy3Cm8V-7rO7Gs7-AQ,3.5,13,1.694105182
ajR1_uSNNMEmvYZNeC7eBQ,3,18,0.641737546
Y8mPD9YZwMRBZZAFqOTorw,4,26,2.058626092
aQhH3ulfs96PQgegDlGSuA,4.5,26,3.341770476
-8Y3bN1YmWZa73FJSjumlg,4.5,2,2.934125079
pp7bhc83cuKC8NkURPaOjQ,3.5,18,1.282776336
GJ5nXyTD7yc5cF1tiLl5lg,2.5,2,3.9419533
lU-du9QKZJPw7Vx1Iqjl7A,3.5,2,2.80778605
2UUkXa45Vgk_TfCP6kmfSw,3.5,2,3.878637502
DMjGB9va_stopLPfUYJelA,3,2,4.365197167
rR_szXNwNQB-MgEoTElb8Q,4,7,3.008264817
uJSS0Kq1qoiCTXQdxxztrQ,4,11,0.961895523
uvdS1a6h0wS0R9gryFX4oQ,3,2,2.228674191
UK51LgJRJ8_LUQQPZ5zfxw,3.5,15,2.04414584
mDXOGmlJlUe-AY6TmInUDA,3.5,2,3.530922643
kdwGeJlYwmqt9X49IG49mQ,4,13,3.272047307
doQQQzQis8Me3jGeAhfd5w,4,15,1.07221332
1wCyM-brDWQNxrJajO7QXw,3,18,0.641737546
1eTtHfanVJKovviZgCumyA,3.5,4,0.80907319
t770rFHYffrc_Rf_y9IFlQ,4,2,3.236734306
LvdvLtCbAriMJp6cjLm9EA,3.5,2,3.152535942
Eu2svxHuLFeLzGlwy8hciw,3,8,0.461824571
Lv1_fwBrCe4RL06mY9JniQ,4,13,2.464475321
N2Q9-LaYbMzFJJI5NmZdyw,1,23,6.274119391
F2s1N1IvcNHHHsWJHIwKCg,4,2,1.861680911
cJgUGE4iukuXB6QlYmHwmA,3.5,10,1.979803096
qE5Q3Yj2Up3wewsh1NsTuA,4,14,1.416345863
ES-bdRYNDqwIaXw1G5_4cA,4,25,1.239645365
A61mX9Ed_txnw-S9idIdZg,4,14,1.41443829
zWxk5ZFsiFFNc_62w38A1w,3.5,11,1.301118558
0V7lC5Xr9dVFbjXpXFbeow,3.5,25,3.392976154
vcZWlI0eHiGwlUfP-5Ov8Q,4,15,3.370323645
emQkvcck-uqUanJafLIKOA,3.5,7,1.994571448
vkRpoXtEaL4UEERUWMp7YQ,4.5,11,0.944411872
Gdrw2h0ivQi2UVXpTiLbqA,3.5,14,1.246101824
9-ajcNoEnO2ncMi6iiyKmA,4.5,11,1.505722982
fGTrdnKyM_wdT6niaxzU3Q,4,2,2.000901986
i00pTXKP6-buv7G6LcRZgQ,3.5,2,1.867736424
aU9xfD0OX_R5lcCxPnhHsA,3.5,2,3.365790448
T6Y4UArFtF8HPg_RNnZ7HA,3,13,4.272552018
i4O6QQe_gEr4aDSY5f4imA,4.5,13,2.426224989
3BNomgNXuzR-Yfc2LbY6sQ,4,26,4.016385512
JnJCxQOTj7D31ojWMWQhtw,4,17,2.427973186
Ne_6Z7dJyw32OikvCabmBQ,2.5,15,3.10706604
9Kdb70PhV6O89cdfqYZJpQ,4,2,2.938186888
66F5Blx2YV91Kv945x9vvw,3,17,1.936581962
VeuEGNEyfgr54_8Zuzv5Qw,2,15,5.252589139
kGhwcN6hgxeJEZtNrKJnpg,4,26,2.058626092
Ya0oNqP8mzPU5HwMdgf5zQ,3,1,1.250836809
b-VLJb2e35qdhJmmbbZ36g,3.5,9,1.041283509
T50eTHtbkYMXeFDmVZyKEw,4.5,2,2.376916726
MyGH3O8q053OoJm5JikCRg,4,2,2.71824287
LGYKzYcdngZHGURIpA1GYQ,3.5,15,2.321497083
tY0K5GOyyluUgkbeiN3UEA,4,13,0.450711685
evHsFv7BbO-FrAtb7aN8JA,4,11,1.286244189
jh1Ta5U4fk7OQ3AZVo9ihQ,3,15,2.45469451
e28OcmhM_6xQZ9eSzMyGMA,4,24,1.519387133
OpFSTvYREcZZ1ScB250Lbg,3.5,4,1.831912545
XtQgLRofbvrivJyinGZtkQ,4,14,1.512945961
58CWQ1FOtT1ClbREmUb-pg,4,2,2.850598373
xO6G96G_mjTO8lYcOCU5tA,3.5,15,2.294111336
GnhBikki3eNPLa_B2gKVdg,3.5,2,2.03935528
bulkC_6uGn5FM0vz3Kt0ZQ,3,2,2.858336473
StOzZjyUVTeh9jpn0JSALw,3,2,3.060497848
fboP8gAvPCdW-bnJmDslSg,3.5,2,2.867914781
uYaWjiNjQKHpLK8wRlE7Xg,4,2,1.820345571
takv9AY8InjnJR_vqryHGg,2.5,15,3.43859903
tTVe5wrzCVEMPzBNmdgM3A,3.5,2,2.668019268
wvtxH9MMblbyab_f0-c4nQ,3.5,2,2.668019268
n7tBHCvezCT4YophjHxciA,4,2,4.484229418
IkNm4oVZbIZ74kFH7fmahg,2.5,14,2.157272816
CUjHTa8fE_0Nh_I9E1XQ,4.5,2,4.31084771
CxMB7Ug1WpD7Vve40vMVgQ,3,15,1.811724262
B1RSo17_ObaqySpqsOzIUw,3,8,0.421586225
5Zp_mmBitow3YByKKjC9yg,4,15,1.892594668
fQjNEXSyiVS892CAUmAtqA,2.5,26,3.213467496
qystjlmQDxc1oPQsYtsj6w,4.5,26,2.52005208
bMygiwZWA_UzCUCw6C11Iw,4,14,3.888613304
KiVpfyWThpqf29pVMso_nA,3,17,1.555370951
MTpI2V3O9sOp1WGeFwioDw,1.5,2,3.636165991
DiHBDaU03zG3ImKp_XodyQ,4,11,4.630079571
Pi195u1UJdTnNEsaR2Y7yA,4,26,2.74692547
gK7JH1FrLr1lZWRVvY8MmA,4,2,2.69044744
tiXKCu-ar9NRgHEglDKAUw,5,2,3.361317765
n3nOq4DudeEVhfaP5rdgDQ,4.5,15,2.364613841
qFY39MzKFQcT6dx56vqb7Q,2.5,18,2.757691026
uDJymEBtBrre61KtmvpziQ,2,23,3.964991954
dvjl6OUHD0djaW-PkWwLig,4,2,2.956311029
KmmrH1A46m8K8r_-rwWL0A,4,15,2.31288066
nx89PJYHZErMoZS7uxZrIQ,3,15,2.800935528
gigNV0IN6uy8DAsLFHurPQ,4.5,2,2.376916726
m6ur4KCud1YG9V_0dqGCZQ,3,17,0.468623275
HEZ8O_EvIBLHKgo93IkGTA,2.5,15,3.511634798
H18C9tH4BPHkxan96bkMXQ,3.5,14,2.408150341
K10SpnV1o3bJNGBOesHtXg,1.5,23,3.416125317
gH9K3VJopFzy2vECjkgGKw,3,15,2.461791548
dW8Xdi9L5xYHSGfohg8IdA,3.5,2,1.943200264
0_BIIfLeB9DEG8Tss6bZQQ,3,13,3.958157901
qp2rCB-qR-07G7oDbGOpOA,2,17,2.470845929
3wvt02K8Q4tZx0OImekCTg,3.5,16,2.304241048
KdDHF8nFUVvR2pBN5ruGFg,2.5,18,5.191124141
9q0T11qr73CgUlLM1amWMA,2.5,17,2.155295911
JeZhzeNIfDYPSm9gKvsSPg,3.5,7,1.580222238
YkH9cCFCvpgeCZq0GkcvAg,4,7,2.221895651
uczYKIPMxqkGLIBynp7Kwg,3,8,0.461824571
yTWHLVgsvOFJ6kymn7yNog,4,10,1.659689758
NQ079oIXNiSAIkrjc5Avew,4,15,1.713306234
XRLPalwuNwc3ROsYkmWpbA,3.5,15,3.748878782
lgnnZL0Cp6_q1Xx_4a0gpA,2,15,3.77562301
TDNiPnxtXA4i5W2kj5zeTg,4,2,1.445789634
W0YoIQCjKGcEuAxjl2u8Ng,4.5,11,1.444238748
2jeEgmAXqxuHXw0K0kpBWA,4,14,1.41443829
jplGMzlErHf985akNin92g,4,2,2.684531151
gUT2SESEp7nV6kDYipHZeA,2.5,14,1.961724859
5ZuMxdlRbvqLooR8qZxnKw,4.5,5,1.869532191
KiIMCRHWhe-Db4z20L96_g,3.5,14,3.070910663
OKXu4LREh5xsUGxLVf5RRw,3.5,14,1.257356384
5a0mAU5sGrR174mEghnOCw,3.5,17,0.952163448
3x3mBlMlfwFOVJtt2tr9gQ,3.5,10,1.979803096
I_LlnAQe7jGwO9rfjaDdLg,4,2,1.861680911
pQHk7IZs74fcvoby1VqIRA,3,2,3.643546816
Zd4ahFQYdVAXh4d9HO_xVA,3.5,2,1.943200264
nVyL22lcEZoUNoAMgfKOyQ,4,15,2.525221245
LMD-f6FMz8lF8QeSlie5kQ,4.5,15,3.428410274
XY3aIm-0PZMXXkVKECD7uw,4.5,2,2.294948895
mDOBApO3-M2024kWjhMNDg,3.5,2,2.03935528
QA5MXQyDraHs4K2CoWVcRQ,3.5,23,2.096900315
FFaj1zup_tz_XddqzMwJ1A,2.5,6,2.516103867
2ChkhRUwGbneeCzaWCaJxg,4,15,2.625245477
RCo2xqW-7PU-gu4yaiSI3Q,3,4,1.121605812
6BkbwY0j33py_XmzvmnfXw,4.5,13,1.046670867
SxWpUJPBKpDwnt8DbVgVwQ,3.5,2,3.81203936
#NAME?,4,2,2.932024893
FFX46wxMJBmlWdOxgLTdmg,3.5,20,1.047508674
93r7y20-xLWIAqIIYMtlDg,2.5,15,3.214137562
T_CUh42Rb1IIvTvIViDyLQ,3.5,25,3.648849902
2EEmhVhG5SCt8dEo5zf-Hg,3.5,11,1.24955888
w-RzHsvV05yT2K-JC8DJUA,3.5,2,2.914444525
9r4gq8LVewal0uTnLiS1zQ,3,17,1.689597478
d7M30BsQj_oT2howDyo0ew,4,14,1.803551291
7xNe2WZAQUGMp1_CxGVKnQ,3,2,3.590611467
2zcGwt0ApFMZhD2TH_voGw,4.5,13,1.046670867
8Uwii38FoomPrXJhg6Hx5Q,3.5,2,3.345047763
ovIUSeYR4kncxyv86D6QPA,3.5,2,1.986693455
LZkG-y1_OdyKAajJJI8uBg,3.5,2,2.914444525
WiwOKFjI4XxorVGH9u4I1A,4,10,1.659689758
P4Or3as2jJGwyBXIZ_gxBA,3.5,15,2.441823553
SSwlpHYGEqxR3Wzy1E93PA,2.5,18,3.722087398
LYWsIy_g_pLA32Iaze-eeg,3.5,15,3.103378204
XQ6DJ9TNDYNjm2BxjqRQWw,3.5,2,1.867736424
wluhsOjt03CgORropJKQoA,2.5,18,1.679548474
0sGhloiZf62hF_OTaahS1A,4,15,1.713306234
slc44MJu58XNJdUa3B6dZg,4,15,4.113711645
I34mPToWNbOedyvIyZ5imQ,1.5,15,4.931376398
h5cvE8TClzDrrlg88gD97Q,3.5,1,0.857970032
Za0bV7GjMDbcc4nZY6K3HQ,3,17,2.176530226
l9FkF83RcVQQ8CT4FWIOiA,3,15,1.77738794
5reb2cEaziuyHOpnbh1XtA,3.5,24,2.249099561
3aR6QgHT4AFMsNG9e4T4xA,3,15,2.574505322
Jo2Oodau9nuha0hLdc_zAA,4,2,2.684531151
TJWGch9lFlQ2gkKGgGGkEA,4,10,1.659689758
FSZHwYbRb5iTnGUzQvDWwg,3,13,1.964968424
fedVnSMYM7bKs5YHD6Ykvg,3.5,14,3.757857584
P81VJGvr3WEsgQHY2z2CuA,3.5,2,4.036668248
WNGyIejOcpJpNgxqWPDwHA,3.5,15,2.294111336
CW63D7wq5s1sxAEfaNhW9A,3.5,13,0.687996032
sFxTS1_APzl9GCnn0E1LiA,4,2,2.047617859
nilhvDCyVBuv7gnNkPWZQg,3.5,2,2.594123778
9kdUXcx-0d93fEBqp4kcpg,4,2,2.684531151
QR_Nmup1tRj1WwooAKePbg,4.5,2,2.376916726
9hF1vOOkT-OMVhYwPCxtcw,3.5,2,2.03935528
OIPE8yU_DRt6ZN59CcMBFA,4,14,1.512945961
p3IleNV_nLmMj-dbzdx9DQ,5,2,3.468059494
k_x1hMotsNW3k-IiIVzfGg,3,8,0.730208761
2Bl_6x4SN6TSuHBafIFgqw,5,13,3.593108528
#NAME?,3.5,26,2.591328675
nA4oBEtQ9e85aBnfzB63wA,2,17,1.823219319
#NAME?,4.5,7,4.126034409
1gyztgqbLEGnBY9wJCQKRw,4,26,2.9488059
B2eenzL3ndV2fKkHu0wVJA,3,10,2.158660452
PCESBlDd51uP3GoI3w0bww,3,23,0.925984646
rwvAcA9n0Zs8QBtZXs_TDQ,4.5,2,2.294948895
kzYe-kI6mHvkYlBi-5Jigg,3,26,2.151918969
EpaXijMLlEXvQfM9gXDYiA,4,15,3.370323645
a7lkm_8HM9izrfJWhAK8iA,2.5,15,2.934762317
yaSUQERuoc4hUonx4kaS4w,4,2,3.454834338
wQ3klyJeDhIQUIZS2X5r7Q,4,2,3.938927805
FZMQgCGGYDEXcQhZslAHxw,3,25,4.069651905
dq3vHsNbaB2V156y-zzSYg,3.5,16,1.540737922
BaoMhBMUDnMDud6F2ZgxrA,3,17,1.736191573
NJcLaATrb0Y6Cq3sDHhASw,3.5,14,1.257356384
ov7YsASN1XDdJL0ntXk6tA,3.5,2,2.594123778
kV1Ev0RA3L1gRbU8GLeN2Q,4,14,1.301766576
e5HRYpEIkyrKNR6yA2rnqQ,3.5,15,1.587377235
jPFmnprx_NbQRDMiQd-YAA,4.5,14,3.999559351
fI4vZhMLxuyoY6Q7BzVcLQ,3.5,26,2.591328675
IQnq2pP-beGuCQcoAu3Z6g,2.5,26,1.960748663
_wmXYLUf4VThpcO9pDxHGg,3.5,26,2.043571373
oVJWBjyNIOHOcc3lmiaeCw,3.5,2,3.191993863
kwzqUgmdq9ZopW7dN95gsQ,2,14,2.567532279
l10ijcw6AvGgYU6DUNw3Sw,3,2,3.52312583
dT_epUexjLh7s7fTCy_cNw,3,26,2.636179547
KN7GkO-D-zksylS0eSRbkA,4.5,9,3.76836906
oZLeVF5nZe-6nBTgnoOl2w,2,15,3.745614177
B9khZEGKIT4E3r6ssUfi0Q,4,15,1.037904411
TFvvI_MxoTg-rNHpvh3QeA,3,2,2.831204068
D_f7PL14YDjmfMIeTQ8ApA,4,5,1.25E-14
HHYSvEjbhYAFghUsC66QEw,4.5,14,1.935018414
NjWAVjMxUwOqnpOOQL71QA,4.5,15,3.428410274
V053Fm3xoCyxoh1lAgDKJg,4,15,4.18589057
KH3FJXHMyObXSLnEkyvmyQ,4,2,2.684531151
XxhYW_KQwQk7As-2sVelhQ,4.5,11,1.194408771
WjUbSGtEShwpXZQFiEtD-w,3.5,2,2.825994655
8lTyozmJa3DhTVV8srdXIw,5,2,3.614724349
4QCmB6snreW09yWXXpZE2A,3.5,26,2.234361192
bUmnZJ1DjtDP2_qb2M62mg,4,2,3.938927805
#NAME?,4,1,0.971201633
WjLtEWGvPSIfwMZXUMHX8g,3,17,1.689597478
8MQoAj0bqEmGgJkRi14HtA,3,17,0.584819782
RtKC65-4gqzEkRfK2D5pRA,3.5,13,1.039655127
AKxafA8O3AeJl7iQs--XFg,2,2,3.92644913
X4XG6aBH3WsIWIiA0BtHnA,2,15,3.809487706
IsRmA4DqEE_xjw8y6KuObA,3.5,11,1.161772582
l7a1PV54bpZlYtI7vrVtHw,3,8,0.730208761
AqLxXwn-3EtupCOAVe8vGw,3.5,2,2.914444525
PrIU_mB8vhcIfQj5T1XBfg,3.5,14,2.408150341
6mRBnYezWvuf5cfkmcLAiA,4,2,2.684531151
XanrfoWIqH30w2caNLef1A,3.5,26,2.860088787
rVn047LHt3nVVIJhb8_7kA,4.5,2,2.357323716
UYMGp9dk8ljgvum5xOSz0g,2.5,17,1.960344586
Rht_xxtVzTJK2IgrrXmppw,3.5,21,9.86E-15
k8Vih-WEeO5Jmilhbm2xmg,3.5,7,1.525506285
8ZKrJs_z1Wfbb9yHKrwinQ,3.5,7,4.03096998
m7lbAuf32td7q6w4YxImlw,3.5,4,2.58922635
3ob9ayBETS6z3cn6Hugz7g,3.5,19,1.136019061
R924yJNNRIbkQ2ju1M5NWg,3.5,15,1.525634237
MDcUrIxoRp6rlPAmyzpWQg,3.5,15,2.294111336
QKwiZHue-zk1SGzMzQrpjA,4,15,3.011517321
0O5yuql5sNG1L_bpHb553g,3,15,2.574505322
O3PnM1fH8vqDpk-kzYqh5A,4.5,2,2.934125079
lQskL6S-pi7Bs56yrsuOvA,4.5,23,2.861964968
2bFrNEhlNjFA7aqJyYBXmw,3.5,7,2.32543038
FDrGFo1xI0wf8d3jAnc5Hw,4.5,26,2.365361437
uWFJ9sXRSVznO6fCTKOSiw,4,7,4.852157654
YhBJajLay4nmbOqGsn_6aA,3,2,3.060497848
XAq59EnXvV_6y7HbDOJdTg,3.5,15,1.930626398
XZK4N683_sPkQ2MYyafD3Q,4.5,2,2.933043409
AuQD43d9bgvxbFVZiwC0ig,4,2,2.932024893
HjrK4QKp9MZbeopSbc6Evw,3,2,3.325881087
4O0GslAIwG_1regXO_UcaQ,4.5,2,3.483398401
#NAME?,4,17,2.335366913
GKFEFQynFoJpJeZguoh_ug,4.5,2,2.958560546
HV5lVhWTWb1cK-jLpq2QhA,4,14,1.512945961
Q9V54MxoopwWu8Nwpuq9AA,3.5,15,2.321497083
j4QUDNkxNLRMeOa9oBV9FA,3.5,11,1.530186545
BjpdWfjpMtyRL_ZApzarDQ,3.5,8,1.564797231
tJjC4MA0H_nWZUBpvgtLxw,3.5,2,2.644375053
Nwo25wdokkG37VMUfmqNVg,3.5,7,0.371029139
pMBxvWFY03Z95jNVUVWGwg,3.5,2,2.594123778
KBRCL5zv2c-FtY011Tmhdg,5,11,1.61374862
jwfn_BBOLOw044pBAnCM0g,4,2,1.944006375
78JJr9A0MbbHuXE1XUr-bQ,3.5,7,1.525506285
GVYP0ZIYLGt-8Rh5L19XIQ,1.5,8,4.602628121
6_T2yecBZf9adTu5-moFug,3.5,18,1.187620116
N9ti9E8UnvnEde9QWVXoig,4.5,14,3.952478288
EQOoRmLsilk_94QS3q0vgQ,4,14,1.416345863
p1Wb4mEH04qrUMfmPepFzw,4,2,3.236734306
kg4AP5am_IUczgp1neOvMw,3.5,25,3.279821137
aPX8nQb_Y8L34yKrbfUJ4g,2,2,3.803591992
v3MGJBF1Mc61KwgqiIY-uA,4.5,2,2.267905861
wnb0VquMa65hYUUPISGD1Q,4.5,2,2.958560546
l2lC88_m5WMOLSChY4_XWQ,2.5,2,3.097296684
ffVx7PrC2JSfOq_DTW-vZQ,3.5,26,1.979027091
hCgy2boywZ0m9NfqV-zKlQ,3.5,2,2.914444525
F12e1eMKOSkfdYoiONQ7rQ,4.5,15,1.894091022
sJUKE6ffe5WU_9IKXuJxCw,4.5,15,3.21660477
FooH0D8lISF1eZiEPjtfMQ,4.5,2,2.267905861
wIjmB5CiYQLxt9SLkZ_kXw,4.5,2,3.802957811
WcfPijF960O8DtSqoLIbcw,2.5,2,3.54825597
OM_tt_pJco4sa-QHAx7UMQ,3,23,2.502025446
3Myg9RPgzDaDOT4L0zbYfw,3.5,10,1.579920972
rE0-KhjcOQOWIaiybjsDZw,4,26,2.126802429
GB1pF4hPu_tCpx2BknwgMQ,4.5,2,2.958560546
bWcZDSYZZd9kO7aCZAPr3Q,2.5,26,3.761470658
VQDqKpJ3Qa4Cso1Wuk92UA,2.5,2,3.37012692
vpr2y1e3VFRSg6UszEuc0A,2,26,3.782875941
pXS-IJlwDMgH7Xn_PdNY3w,3,13,3.826734928
RMrdI5noVh3-b7NM48PcVg,4,11,0.643893429
OuF38B4zLRcZAKpFRUYDuA,1.5,2,4.466100983
#NAME?,4,2,2.823671821
j2zuOzaTwU_vy8BgRUQiyw,3.5,2,2.644375053
TpYL1P0CqqoDdfqdTCHpwg,3,2,3.057007839
KO85zr-Dlv4yNR6fXE-imQ,4.5,2,3.614284216
za_OPA5Q_89j1PwNwf17KQ,3,17,1.555370951
x8GTTMIAtUJ5EsIMnsOacQ,4,14,1.41443829
IF5n-Y1n4XKGM7Zugkoy5A,3.5,20,0.67073594
T_nUr6KgnzrRwCssIGEd8g,3.5,2,3.191993863
x1EtuyQAd1NcJ-Esvtop3w,4,2,2.956311029
jetVJScqUDj_bl6RzlNlnw,4,26,2.74692547
nXhP9Bv870QSLWK7jr04hg,3.5,26,2.178454404
o732pR1XgXcCL4hnnippvw,3.5,15,2.294111336
p317g5ZNIO4MBjaOrY0kiA,4.5,14,3.500628553
OzvqQ7b9MKUmAFznAE0V8g,2.5,18,2.084618471
FoqCpGlRo9b4KWdXH7rYPg,4,2,1.820345571
H2eMJjI7ldnPr1AhLgMxXA,3,8,0.390313001
_dzVl-2er7vBErss9uCrTA,4.5,15,4.297029893
#NAME?,3,2,3.867391896
Oq01QS2G1OvCsunccVSgxQ,3.5,2,4.271642262
R9Tll6IKpJtYcsbEv7edCA,2.5,26,2.766496937
ewN984Rvux04uuQFrGu7mw,4.5,15,2.121613944
lgRLyicXByG1-W0QdsTopw,4,2,3.433007928
QHPGokxQPrJhAg0H3wtQVg,3,22,3.294595639
vWnKq70W_WZ7FFLgmAfv9A,4,4,1.179160977
qIS1_yeG1DikxOFBHVyT-w,2.5,2,3.337355984
GToWxpkoCfAjdkTwdm4y2Q,4,2,3.394451678
ZBG0wAGUl2Kqj3UbqiXo2A,4,11,2.965015927
Mfm2tNreFppzEFY-f69nDg,3,15,4.039968952
TJo0LRUmc9Y1J05dM6fqiw,4.5,15,4.112519886
NokbsnddUVEAS0IiVjHgSA,4,5,2.117271747
hP9Wr6nT0Z4Zf8Fm_merqg,3,25,1.787121123
uhzaOsN0i5PNteypm26BfQ,3,17,1.658031005
Cc4Tra8cd5KZ4Awhx27HdA,4,2,1.730861257
8lARaDQMye3WCVcyZ9XcMQ,2.5,8,2.007076344
sP26yf4-2TfteYYQuvMbJQ,5,2,3.972757344
30yHpGZufQvUkATZPv5wEw,4,2,3.433007928
YYNqf7ZjlYVjlmv_xLqCjw,4.5,25,2.425146463
uLF_5mPsX2fuNvBVWDMvnQ,4,15,3.152686927
HgV78XGyHNmKXigWXzy2Pg,4,14,2.500059728
jCyRkEpj7ma4xsZ9jyR5uQ,4,26,2.928232389
7lFWEsNkTR0RwI4Dvhueww,4,2,2.684531151
orUFgCDq1ussIF89g6piIA,3.5,2,2.03935528
yCyLqBX3aujcR0SeIuxSWw,4,2,2.71824287
YOMMA4fsL4_SaPaPyA7sFg,4,15,3.370323645
CnKQgNyBmIvTE7zfegmV7Q,3.5,12,3.259364769
I522MkH30yljSdZlQ1t4VA,3,2,2.141038522
X7844DdJO4y2oVbcpxD-,4,15,2.143075427
6THckpNEt8VlGpYgC_4JcQ,3.5,25,1.909041376
S0C-7Exxkd_lupkjSwpFaw,3.5,2,2.890266013
zFVaT1AGqZHZKuBi3NPnyA,3.5,2,1.879726782
SsGc9U-aKPZccnaDtFkA,4,7,2.089098585
PUS65BH7urto4zhUJ5Obmw,3.5,2,1.648203911
m0FLMyymdBRHin2xaTqkLw,2.5,17,1.817436849
S88vSgrJukNYqFrdhUz7Ig,3,2,2.80452841
mJmVtFKcmskMHNn77q5qpg,3.5,2,1.52022502
1uMpsCZjnKHEaPdrxAMY-Q,3,23,4.631661101
wc6MUrDdAtQLqKUDn4F0ew,3,2,2.099055254
7vdI1q6ptMcKmbmePLxTsg,2.5,17,1.915273169
q_CxEcRcAR5LVU8ZzftVDQ,3.5,15,3.836036218
egky1j0WUGf97EU4fGXLgw,4,4,1.734132125
kP0jBPlZBok4jiAq4vyFkw,3.5,2,2.672649675
9D0muUbQVMrw3_eDg3tkFg,5,2,2.835429334
oUSaIQjEbGumE9VjHYtaFg,3,13,1.331813745
R2AZ4yFL1hMbX1cQjn-yWQ,4.5,2,3.64693248
s-PrWXAB-63b-Dp5IC7Uzw,4,10,1.659689758
G9It4s0uCD11WXEbqBpWmA,3.5,2,3.81203936
YiGCPuFsQ7RsW9tOeNZ5Qw,3,2,3.485566578
ExoI56LT0AaKtDIEyP9uJQ,4.5,11,1.070016502
bOnTi0BP8_y36XXHE9KdLw,3.5,15,2.36912239
veoBudGo99JLNVT0Gj2Slw,3.5,26,2.733260336
yvUJ5bedjwtyQv7XRNPCdQ,4,23,2.34583885
WWbPM20A8agePy7-X_6AlA,2.5,2,3.591727306
9oeMdTVt0VeI-enjBpKBiQ,4,2,2.684531151
l-s0rNwp_qccC2M4Phz9Yw,4,7,2.720020474
079g3KpS_7j_Zw53JmD9Vg,3.5,2,3.878637502
DHdCPauf_hs5yITz7sJVZQ,3.5,2,2.644375053
KJyIMrkHzafvz515f0W8Iw,3,17,2.022693891
JfHCkwm6Efu8ugt7W1fRmw,3.5,2,2.594123778
9b0y3HVHPWFnobKyMFFoCg,4.5,2,2.933043409
39zsyVps1bjZH-Seunc5OA,3.5,7,2.705119436
diVJtnXItoMymDfJkSAV1w,4,2,2.69044744
zQ5rJZ9JOhEOsFYLkO7qUg,4,14,1.301766576
SdFvvjkdU_U-yD6cK6-ktA,4,15,1.338222755
K26GoGFV6LidUgW7wcacBQ,3,26,3.009424308
nrCa99QfoXdTB7dzwTQqIQ,4.5,2,2.933043409
7UBqeUvQeZd5o2Jw9F8r0g,4.5,11,4.067826757
KnuN84OxoZeEIfFwBd8zbg,4.5,14,3.91288196
a9-qixaIQftb4HNZz4ocIw,3.5,14,3.070910663
96AU4ZYlzP8G0YwKvq7fFg,3,14,2.542088736
Q7_NVo2y9GAyfBQ0LVNHbA,3,11,5.025697804
X1oJUKkk9Dw2DJnGbSw32w,4.5,4,2.216677698
Z2RQzHPp_mJhrJgVJm8dbw,2.5,26,3.347256388
rfy_bJ5ad-gfVmMeqKtsyw,3.5,2,1.879726782
Nui7Cnhrhrm4Ar2rcSHbIA,3.5,2,3.152535942
eZN1rBpqvr_JfDz_ovmGng,4,2,1.944006375
3X2vdOhvoCuyrpEsPxfzzg,4.5,2,2.068594113
g-sizDI5AvXJ0W94VVyuqA,4,4,2.599901854
QPGMu7wXOciTRQVwklPoLA,4.5,15,3.547073473
8rztpAGPJA9fgFwP25RP7A,4,7,3.008264817
h38B6D2yfytGJGR1UEqT8Q,2,2,3.149646969
exyrJvzW0pXIfeWwJwYBvA,4,2,2.684531151
oJwy0ELke7wS6WsztypYwQ,3.5,2,3.152535942
pZksQ5zencbsXZTqP7OTkg,3,2,2.757197556
YX8OK0KOb56VeqSjPxcP2g,4,15,4.531623369
b7XXKWkkNd7iaW8eBUAKYQ,4.5,15,2.192601522
bET5TzrC4mpYTg398BmH2g,2.5,17,1.817436849
5zqhwC-VGm9S36loa_p7-w,4,2,1.861680911
2tXpqXexE-rn2iDRutiBXQ,3.5,4,1.41927724
lqvE9OXtOdtbB_m55U5kGg,4,15,1.713306234
U3FZfxY-g6SgQf5ZT6oU0Q,3.5,7,2.60588931
09r7xwM1OTEM2hnAM8WPFA,3,2,2.195361262
b538wiwQvOxm4Km_ZiIOPQ,3.5,15,3.023333142
coo6eAhevrKNC1azLAfGaw,4.5,2,2.887819661
NYuWw7DtbAe_CdI9XkFu2A,3.5,2,2.819635852
LPZQWQxGkq5YQs51gA4VBg,3.5,2,1.879726782
81z_FvKvJ7YFfuP8WN7RnQ,4.5,2,2.357323716
AtJzxpkKh3VMTqmkHhy0Lw,4,2,2.71824287
w76Ekjp9CY6cQ6Lamh9fSw,4,2,2.047617859
cyDDwKfTjeJn4pqFE5s-vQ,3,15,1.463801612
CovCgffklC_E0b2QHZ-gWw,3.5,13,0.655141465
aXR5-C3zCnXGYhDC3pFuiQ,4,26,2.058626092
2Ol5IT7nu5WBm0ldD-ERKA,4.5,15,2.629685232
j9wGRZESnopncpVQKQx9ww,3.5,2,1.785091386
clvKNlfy-rzqiXlSjibv8g,4,2,1.944006375
yKIo8_tja6-vEYEzsPsdRQ,4,2,3.433007928
jgc_K9MEC-a_oXdy1frvKg,4,26,2.058626092
McRjMy-3YgkR7lO1QFfpoQ,4.5,15,3.683863554
NtV0tKJB-NzkJ3l4aYzSVg,2.5,2,3.37012692
cjniLFVWyRh0QO9v5Ach7w,3,2,2.831204068
MTkMEChzh9AS3iI8sTm9TQ,3.5,10,1.741624943
Abl2L79Xo3RMMxjafaJ6MQ,3.5,13,1.767333747
Qf4HvDnEExJ-CCJqJobKeA,4.5,15,4.303522533
gP_TyG7MEEayXI2U8eVyPA,4,2,2.885514996
rZA_aIoKpuxXVv1gAqNW5Q,4,2,2.69044744
imANc2oROD976RWUM2owLw,3.5,25,4.460064501
XHTsgW1ViMHMyIVcuQ7B4A,2,2,3.567955096
LeH41wGWX-yU_exf1sJa-g,2.5,15,2.801773499
M3S-60mOy2cCIwRBSo3Qrw,4,15,5.015389416
RqkQlhbDR_4Q19HtRy2UHw,3.5,2,2.644375053
fzXMAz-uYjdLhxWYABo_8Q,3.5,2,3.345047763
xk0Xss6LmF2Pxks0K2jrhQ,4,2,2.69044744
_5Hp0LNdX6ZLsQRAFFCVYg,3.5,23,3.474195457
htwLFap6Oe-k-Gj2xTnjiA,3.5,2,2.644375053
pFh5W8euJOsU0dBYPoEN-Q,5,11,4.478552443
Bfu68BHfVlz7959jkWBC6A,4,23,2.34583885
wBknEHf8gbKCWWEboul8ZQ,3,2,2.757197556
yuJB3PLktByh4OpwrSD7-w,2.5,17,1.702106394
xlYVxFtTh_YKfxkhkgW5Vg,4.5,24,1.275381841
EBrwIYYtBdGQ5X3zuvM1qg,4,2,1.944006375
YRZZo8vhXqRAVVZI-nrnYA,2.5,7,2.053841622
q9KLwPdSatWBAlIxSArTTA,3.5,9,3.477192584
3xtsKiY-vUUa3yWrBhYIqA,4,11,3.767129331
3ZepumtXvVkoHsNOWqF4iA,3.5,14,1.488845652
ds6xjxHW9aJpYXA44DacZQ,3,17,1.764727011
_-1EgXrkOlKajCsmasuEgg,4,17,2.335366913
4mNRylz5SZZ-dhJOLmfkBg,3,26,2.151918969
rkZ4SwfRFliatpoMsb1-Xg,4,2,2.71824287
xl1mNGpaoLdiVWj_D6-L_A,4,2,2.69044744
vpDKK0QHZIlxTHu-CNspzQ,3.5,2,3.308413917
NXsga_eRhdQ3o8N-RxwMAw,4.5,13,3.110304363
HErV4BkgIDW0KKr8Jxrpyw,4,2,1.944006375
2PzCVpZN7-xWGGG3a97x0g,3,15,2.978709376
eqPbwvWHxFB4CnqN7eoopQ,3,15,1.811724262
g4cydNKVT-W3WCu4A67y1w,3.5,10,1.979803096
5NcgSVx0fJFYManZSJyRQA,3,1,1.250836809
Xvn0UMXaqa2kuawwVqSJnA,3.5,25,0.733557203
IdPWiMJnUNa7DksA-Vg-Dg,2,17,1.974902897
JKyWiuPDVJS4hUx-EPAXAA,4,24,3.793022493
HfXThpI2hvTYE1ajYvozaA,4.5,2,2.239670563
0FmWly56nUTg60-b5k0gTQ,4,15,3.604241204
6rFVdqC74mPnkDmlSUOADg,4,13,0.465232834
r3hyYcAUeZ3--61GS1AMPQ,3.5,20,0.727599586
BCz6yqIyPu5YkCH8sfkx3Q,3.5,20,0.721748878
Dra-diHsNo-c-LzOpIwY8g,4,18,4.388403802
fNrQg2ORp4zj5gC75dwlWg,3.5,14,1.246101824
ARaVjaEsdxv02zyTxL5shw,3.5,20,0.67073594
Yj1EJ_HDLtw7wLcdpmaY9w,4,2,3.791606899
n1n3o-hv5JsBkvZRtJPZKA,3,15,3.242109929
GiI6H2Z76lxlr7hnqbhFtw,3.5,8,1.774313282
dGpmXpNSvVSnfB65UwfDtQ,4.5,24,2.757232979
so0cUMK8I8d88F7uhBqaFA,2.5,2,4.244196921
Ilq3WhAZbOxVjHD2XZtgPg,2.5,8,2.007076344
xNFGQGDWjTQyxAxGnFH4tg,4.5,2,2.044534439
n3NNzOtqIMmd5R19lubgiA,3.5,2,1.986693455
maaIrKQPQIcxKLDIShP0dQ,3.5,2,2.672649675
JrdoWznKY-OFmwCkv75P_A,4,2,3.938927805
qCt0n6_JHHdiNCmSu4xoDA,3.5,2,2.819635852
U5oM7F_XUWMiTqto7tcPVw,4,2,3.230265134
7ZwHZq29K5mXyH5tqyPJ5w,4,15,3.275720258
MLwZB6mXpzfFyENYLAnG0A,4,10,1.659689758
Q7TQzEqPBq1vbyHVTIleKQ,4,2,1.740888311
tIP3NiriiAj17QYCuav5-Q,3.5,26,2.178454404
Nw1oIVVkiU5jU3dvrDqGyw,3,15,2.974632474
1jl3G4VZjkEVboD7cUZ0gQ,3,18,4.841050827
nukg1Rk89Y2slg5n8r7hOQ,3.5,14,2.471532355
Ji36lSoDqks-4sEr6wn1jg,3.5,26,2.043571373
ZhFdqX3J52c9WQtlDmdzAA,4.5,15,2.121613944
GYyf9Fprhvsu4aA34YSCsQ,3.5,2,2.641803552
0QkkNagJaWllynycTF-fRQ,2.5,2,4.23547026
PmGgA12IFDwedPDAjesx3Q,4,2,1.944006375
ihUWFwY0r3ApW5aZ4Aqf9Q,4,11,0.643893429
PoZvN_XDj8Z40Y2TZrDfHw,3.5,7,3.016771232
KdyzsUzDlnvhioJ0e0OrcA,3,14,1.806016133
J439P_mDAosvQb59liLkLA,4,2,3.737102302
z9H1at5bT5FKfPUR6LPo5Q,3.5,2,2.594123778
xu7PDGbHRp7f3cLYGhHrAg,3.5,17,1.861725217
2npRyj76jDA_YuKiZn3rlQ,1,22,4.248771646
wswNsVmiM5O8ngeq60kV5A,3.5,2,2.890266013
pkVdp5NxNv_axHKGt0psRw,4,14,2.550930902
YULg9VKAVrQIxw3qBG8PoQ,3,14,1.57645947
HCVht5j_wW17QxlKewYmxw,3.5,2,1.785091386
PZAQwvTRnVtqbaC8tZMx6w,3.5,14,1.114150066
K7xm1AAdThx3txHkoWVyCQ,3.5,2,1.879726782
a5t_OgKm0Q4kEDZ3wTekfg,3.5,4,2.978842373
khvf19bXVL6TwHxLMeowFg,3.5,2,2.641803552
pKtQpYA8kw-gKJzfPruEHw,3,15,3.068271141
mGoHakt3WsXA-dVC-9g33g,4,2,3.188426627
WtVCz41UwY93oLCBI8mPBQ,4,2,2.641072924
Ez29ELM7obiqamn3It7FcQ,3.5,2,3.308413917
naWaLmfTO8bw-nabXzLaxg,4,2,2.71824287
yhzRoqJrDYku_48CFfi0ig,4.5,2,2.132170046
KeJEHK-3LCsA7S3HckOvMg,3.5,11,4.175877068
IqikZH9lalTFba-ShCCybw,5,10,2.285066482
Kcr-bbIASd4z6mOPKvD7og,2,23,3.334785122
FoA6_OQR-r-ruoEEBw9sjw,2,23,2.954534799
NYwMTKUPCojSbzAucMCc1Q,4,2,2.047617859
AK5vEe8X2Ynoivau1B3RlA,4,2,3.433007928
Lu33OuE6z-H721Nj72n6ww,2.5,23,3.954856249
JQzJHLc2LBNYJ2ljTkiuXw,4,11,0.676602665
Yoge4YESXThqkbH5JImI9w,4.5,15,3.428410274
dgK5LYQonYfKLtlY4NxgCA,4,2,2.857090664
XpegQQruI5HSoQk7smiugQ,3,17,2.022693891
oQ65JGWkpGiGrhylUjQjJA,4,15,3.654355542
xY1k8cye55AsHpPDI_CAOA,3.5,2,2.644375053
14JrDlEb7SMK_ZHrS80lFA,4.5,17,4.757452893
qylwlQOVkj-Dwqr5n2Fd9A,4,2,1.730861257
_z0oAuTO0Jk07sMdoPE8gg,3.5,9,3.245469855
dYzq0aNI7aongqlp04GNPg,2.5,15,2.838849646
V1VkTR_lhbIVo2WqxTEFeQ,4.5,2,2.357323716
Mfr6NLYVRC_lom-oU3ehQw,4.5,9,1.633599727
m4LaTWm5vP01mGpFcqoPZw,3,7,2.789200405
Nsj_sFtGulFjztuvU4I4eg,4,2,1.944006375
vNL0T2hrlIO33Rbbbi4sLg,4,14,1.509829763
dojsd6ReoLkA9pXxlNTDUw,2.5,2,2.609735514
fbqs1kYYcxowUWfowEkHYA,5,10,2.615852805
OH48cGMt3vW1frpky7wF5A,5,15,2.900271926
KD-_V5fo4tKly7_LMyP_AA,2.5,15,2.224550518
bMWQx26vgHuwVHsMD2qJFw,4.5,11,0.919782689
Ls6GT_UCd5azhp0gW2hZTg,4,15,3.541093155
Cbjk9o7sey49xnv_geotww,4,26,2.74692547
V_qDmDGc1M8dHcvciIIz6w,4.5,10,3.945899434
e7YYS_1rMdcnZwgxPsEe3w,2.5,15,2.485397363
xZiIUCZ-NMmkxgYb_NbDrg,3.5,15,2.214054576
4PvhZdmpkPy8fjzWMSY6jw,3,13,1.331813745
JiWGjXYrq4ehNeRhKSZqcw,3,2,3.485566578
feo63jUDoc0Kg8UK5NCCMg,1.5,17,3.092929327
DhN5o_YoB8tw4HJ_CNiJBw,3.5,15,2.214054576
8xvnIG6zg2cA-thJJ5NW8A,3,2,2.746525589
LL610yZZlfF1bmD5gVGcTA,4.5,2,3.178680718
lzoHy4zrJ_avbJGO5HMOUQ,4,15,3.275720258
JFBg0EvHlRdyWWhe9Agl0g,4,26,2.058626092
gbceq4Rrg102sNjTX8PBvA,3.5,18,1.282776336
d7X102hxjbTeWVhQVdh64g,4.5,2,2.357323716
RjavzMXChoFWdsIZnfs5YQ,4,2,2.885514996
ek4oL7RAsh55jjj5mqUcQw,4.5,2,2.934125079
30T84H-0b9-Ft0KqbpKmKQ,4,2,3.230265134
DgvkjXshY3N94QTkndThCQ,4,2,1.944006375
FjecimSm22DYW8ML3MoUrw,3.5,15,3.144823792
Q2LRId2kvf7KLgNCShyfBA,2.5,15,2.697663751
inngNun5R62Hq2J_5sJhDw,4,18,3.729372712
63rmr1oM0BbAXcUfNEaieQ,3.5,7,2.413295653
KHG2Po6wtDVXPX7flX1FQA,3,24,3.134521696
nK8kRhoMDY_2HtKINuSfVQ,4.5,15,2.121613944
MmRqTcPD3dOf_yfpF4I_wA,4,2,2.857090664
YbL6pbLmW_mohngendXsQA,4.5,2,2.097114052
GpeW7WM7M6nfwCgnnPiqqA,5,13,1.874977138
rNMEy4XYJfRE2-d9Qr7n5g,4.5,2,3.178680718
gnOinDdd0TNIX6Q4DJnYyg,3,24,1.906879474
cJCg07biPE5yrNaNE-Fxyg,4.5,11,0.944411872
fvzr5GVCnNpnF9V-MvYrFg,3,2,3.029390561
#NAME?,4,10,1.173577883
bBXvquZvRnxfYqkHsYpTtQ,4.5,11,1.444238748
S-oZVYg0g6ycRCJJYkiNtg,2.5,15,4.896558877
EKHY6QnNVcSV8URkDzukHA,3.5,10,1.979803096
tA0uy4Alb-1pbJUKS8FuGw,1,22,4.248771646
rcCGdKxMPJk4lCzZZ1i_bA,5,15,2.769987805
1Gu4Ei5MRllLM4y18CB3sg,4,15,1.713306234
QBdX_ziDIyshttyAxDnskw,4,2,2.69044744
-4bNlx03GsXzgkHZwTrMaw,3,7,1.720194772
rB6IWv6mW2IVjvgfvNGdHg,3.5,2,3.909932322
dWEXG9aimhOXkbP4yw4UMg,4.5,7,3.839258588
gbTYxxfAHVjQ0jEg6QfZmg,3,17,0.495423034
swlpxJkixbPEaRJQHjSi4g,4,24,1.737294736
wRzG7Gx-pAM9nTnVVnF2Rg,3.5,6,0.425245605
r9rub_ajcb-3yYsYYD5apw,4.5,2,2.933043409
gsS84lf4hAVEWdP__oFR7g,4,15,1.713306234
UXlGymo9AduQcq-Q-H16og,3.5,2,2.594123778
Uiz1Xq1I6jdnDLtzIIF9hQ,4.5,7,2.873222065
YbzUYOY_ZIYTWGNw8sbgHw,3.5,7,1.580222238
vnlJARJ60cCbqrR25DVRTA,3,15,1.77738794
fQJquPvywK87V2NzXVJP2Q,4.5,15,2.121613944
jSqhVWUquT3fGREmNdKdUA,4,2,2.69044744
F5Cprqitghoo2RaZBKdlxg,5,11,1.5478533
O0P_bFxfaMKge17576LMpw,4,23,2.186383614
9MpJPuR-IL_sj842pofLPQ,3,15,1.307699111
LIqvpWPPnBqZYXPC6nro3A,4,2,3.188426627
TNpJsewe0H__8fzBgaHCzg,4,2,3.394451678
KFFh03C7ZioNHpiQCZW9iA,4,13,1.842561141
tpVbmgtUwjX1X2s_-1Fwng,3.5,26,2.733260336
wFOpzA2eiyQ5HlNSuS4-SQ,2,17,1.680925157
2CVv0URvnKNXA5EfeEb9Eg,3,2,2.831204068
JdAyXD2lsYtOGUc7DTsVEQ,3.5,2,3.878637502
Fbg2LpTLb--d95SSndDntA,4,2,2.71824287
wwmMJIDyq7QHBzb9YSaCkQ,4,2,2.956311029
OWx889sHtm9sJXPBfCJyXQ,3.5,14,3.206446258
RBzDabMqb7Y6UljipSzQcA,4.5,26,4.307883372
QOwoKLXHMyeDaD5996Z9hg,4.5,26,2.897131479
F13tDMn9lncYeiW6f__s-Q,4,15,1.786245227
EKTqp9HjiFMOT6soOUbtJg,4,4,2.12167248
JId49VgiWOS30qK7tn3JXw,3.5,2,1.879726782
Kqj8pAp4xUD0wOAQ2pP5pg,4,2,2.69044744
TC-uA4FLhphfRwR1O-9y3A,5,2,3.289709227
KiLWYjtTcSL0kc8l3odQlA,4,2,3.188426627
ka8jpDoaKjCBSpBP8OvERA,3.5,7,2.068898215
r-_R6lG3HWU8WYw0Zk23fA,4,23,2.38070804
p6T_XSO4GRjCehL8FB7W3w,2.5,2,3.54825597
PhzATk8aYydq9E0Aj4-fwA,3,14,1.489279055
SzYlhYIN2i2RDYs2YCrygg,3,2,2.80452841
QUQnWkPauoh6z42X5JQPUw,2.5,17,1.817436849
Zxj0lZaHBgXlg6N6m258Ug,3.5,2,1.648203911
ORyqWl-cCw1NgfMr4NHPxw,4.5,2,2.887819661
Tn5Rbb_zehQL44WpytV_rg,4.5,1,1.478496815
VrkTAT-gBdhagkXLz1_eUg,4,6,0.883177503
sw-4U5jyHk2qIQIcCGMQsA,3,23,5.170779135
2qPTMjevPpL277yfFfGvFw,4.5,13,1.046670867
sB-Mo3bBzqUEfm7O1xV_KA,4.5,2,2.991187049
MHt5qfGbk3-eteC7yS4K2Q,5,2,3.779091616
qCdhI4LCUIuzbLKt6znEFg,5,12,1.835346187
een998lPp1vyRKxFN_syZA,2.5,2,3.318596753
nP_-BYWSPNEeVY7L2tSojw,3.5,2,1.879726782
JJXuNiWHT8NI9wpKYd8pBA,5,10,3.14852341
uwR6XBswcGXgK_3KDfGSLQ,4,16,4.196360233
ryqYlw3F5MPIHXJylSjD0A,4,15,1.740158622
KPfW7qrWT_JdRHwM0k8yiw,5,2,3.60616734
I9SVqdLVUdo74rCtb1ludQ,3,17,1.658031005
y6Ye8WWkPIIDSMP9WVwx7Q,4.5,23,3.325226319
KO8nkZcKAWmw4bCcylsnPw,4.5,6,2.072977687
owMyt5EEsFkf5rL4skBBFQ,3.5,10,1.979803096
nwVGjLVWCzmX5hm8xI2O2A,4,2,2.885514996
jK5zpGrLx9frZKFuGp5HTQ,4,2,1.730861257
Ni9C6R4ULJKxM2TV8eMdAQ,5,2,2.799527908
lVH--3M6eVaNf5CBDkZJiw,2.5,2,3.318596753
El6fv45PRpTnI4OnAqQHdA,4,17,2.235943589
zKPZZxbSZmPu6IcFZ4YHJQ,3,2,3.485566578
hryVOl_txhl9n14d224Ssw,4,4,1.734132125
wi2JCjaEob10YvC2TbTxhQ,4.5,2,2.958560546
COQXvhLB0nzeZ8cvROu0OA,3,23,3.067972698
dnslaCN5RLTTl5L2uCxKkQ,2,22,3.440706237
2PZ_gpHB847IA4tfZ-fz2g,3.5,8,1.774313282
cRHkJnBe8kvoyzQs8Q951w,2.5,15,3.747374283
l3ZH41X7rNxP2K75stSWvw,4,2,3.230265134
-5qo9bTeQrfStoKiZYDYYA,3.5,13,3.470129794
PP1iNmpyRIEVpWv98IVvFw,4,9,2.740125667
AXxtBH6ctfRD_pPh9ZsANQ,4.5,15,2.233507727
4lzxUZD6_SVc10wyDn-H6g,4,2,3.477649032
0ORPehdGZci1Z_BTKe_5VA,3,17,1.764727011
0dAVMBoh0nK56--4dGAaDA,3,17,1.228753292
W4lkEQMYz3hdR1SvIIFzyQ,4.5,14,2.19166545
OkcK2_-VIfvM10eRnGgA,4.5,2,2.104646533
O17FBkknzlwPJhXX3tEQ-g,4,2,3.293659203
yJ_k2f-h9LxjWdbMMqzpsA,4.5,15,2.211935442
_BpPAhDWWmebVL7MC6zkmA,4,7,2.141533922
0k7Jno-a9OoYitWZ-KFzhw,2.5,17,2.155295911
53qWOpcsaMw4ZQAJi5OIbw,4,2,2.69044744
a0n2kpuMZoep8crmDhM9VQ,4.5,2,2.132170046
CuqjCQt-gCYBYFLDOdsQcA,3,2,2.757197556
3LM_yK3iF2VjkS6mFRF58w,4.5,2,2.132170046
jdCWPS_Gh2burgvscJd-MA,3.5,2,3.419077697
KZ_sB0t8H25nT2UNfzWdDw,3.5,23,1.858702455
LW_yiJcvZsACitAgU5Bi2g,5,2,3.488999485
0iLGx8ilwfncucnYAknzzw,3.5,2,1.785091386
uEv5oBGUSSiuLqSbbHQQ8A,4,2,3.378894202
yILlq-CZQp2aPw3VgEJnxA,4,2,2.641072924
0Ir2L-nWFFQP3jB7fnWTuw,2.5,7,4.775080676
e1fPOv3qzsaFdanxwmcOIQ,4.5,7,4.879387895
Jo9RAtbZWSAN9JHl3HOEog,3.5,2,1.879726782
h27XSUr66bI87J01FsYDpw,3.5,7,1.580222238
Dg6mddtLmjz580JVyyx9fg,4,2,1.740888311
6U9R88kd-juZubgWypySZQ,4,2,1.604302448
t1qSyQWLxEpWQZngAjoBRg,3.5,2,1.986693455
